{"file_hashes":[{"block_hashes":["yJTRg4yH9cGY7eQ3wyozJq6kcbp0TK83tBylJorGsM0=","dBREYLJgE55zVWm62Pq83fT0ikTHVHMUrqnYtjYgi3M=","PDXUjubLs95C/RifEwVzxBmiDOJl639xiCKEQpzBQ+s=","5WKCt1MCxFxXm5SeLdfCLHzKa6D/ykerryd5TFjbCfo=","HeGKTIqWG8C+TKeLVlx3nzprggMzXCePJ6v1ilJJfb0=","cHCI/ABel7fV2KC0Atn8DTdSGyYDVnh+nT7/Syvsn0o=","Y723VteAFyvjel/gmD35ZU2q/Eh1XltfXuiXsHuLzhg=","HYsR9XoUgHxr00TpcZx7ehNeuEsD6uYjCenVzA0SrlY=","bycn6YBpAA/qS3YGxPVB2sNknEsZ+DVpowybPoFvum4=","RcZUIhLeeHRIONfZKaV6lyUk96mzcl3VXLdhtMM7478=","ptHzy1pCvFcFN0B3tA/NcLU8L+roEagAdhq5CJ0zAco=","3KeWS4tRVAWpa8dOwiSdkowoazdbfSxQ9FW9s18x87A="],"block_size":4096,"path":"_locales/be/messages.json"},{"block_hashes":["kgc3ug6V9gHYX8kbttOQjVUyMnv9MVdjujbrQ+cKMOM=","XdtQa39zOFeCSFaWLj9hco6kNraIPuRrNBP1SElVpFI=","oIG/Erj6OEuyVYPiP6886E6GRe6GQ7crGLUEjSg9TxU=","eAw3sV/9+NHnlASmchIJDgVxY5M2kz11dERMWZgchVw=","/7Tbnta0DTmg8Z+1U4dqRFLfBaOfR8/BYDTBw3IEucg=","F2+jNiV82SvSZpglDvHytaBQc+jfqIID5pkeclFJ4uo=","lBpOKMO4T6dFfl/Cr9a370pEMYFgr0/ZN9KFyrY+slg=","6ZDUapvZ6wK/roqc6AwA8tj0guX0witgvuCK+gvKMxw=","z2SarIVHDPw/0beqDG8Qc9HQUiM8DPa/lm1E7rx/Kt0=","wi0UxBN+EVycSKeFacSlXU/mlHMt2h1T2KlkIrDKlA0=","njGHo/kOLhLLIekpod5YBP1fNGfAOozDenJlovVX10w=","E5ikKrd/8tRk9pisuOfh1OFgPVCGhRiPHKqh2NkAK58=","Y46UxpNVQuoacSl7r399C/xUo3Q4QhUXxtNHLs9Ab7M=","ZzKPhS5Ah4/CynbkWthWXsfpKvFjTUL/S5PgO/r9LfQ="],"block_size":4096,"path":"_locales/mk/messages.json"},{"block_hashes":["RHvH5ualaV9sXfTKGSYGZLhhG6LqrKoOLK66hYdrYtg="],"block_size":4096,"path":"action.html"},{"block_hashes":["SNXeJOJzhSczeW83zerALXMgSUrQ0gf85olO6dw0tyU="],"block_size":4096,"path":"ask.html"},{"block_hashes":["tqVRFUenBlfgezxWnQqyH1EgoZg7Mvw5WNVu3FVCcUM="],"block_size":4096,"path":"background.html"},{"block_hashes":["JqAKx7BBhU6VhAUxA4R01/ODbd2yQFnCFkbh5ytl5YY=","mcDtNFYA4F7hgdUX4P1AnoNu6YN3upibDfRHYsCB8w4=","HbrvOyXEHH1I8qORDIGNkE+B/zk85oTT1/iKwUOvNCo=","UoA1zsRXHRZKv0VycPbwrsXCuO5J1iakIWeLMjqFf0c=","2CV3VlUp/d149z2e6WywQhGuEWQZo7v/GzhjcHFcayg=","1pngoAWNL8NnBx4P8wttLYak8ffW9+/ZQBgJzLlJ0pM=","O2A6KmY81hxjOASu8x6PG9gAsnK8lAep49C+YlraDr4=","pltKNyoa4PM5JTSlNDa9TWKtV8XbUC2ofuDdv1YNpvE=","Aqw6OtC3L6sFZE2KbJwy4Z2fdlGxqQ+PFKrbtPj7bGo=","u72gKKIGFs6eNA5aeOsML65Wj6EMt76ZYGpC7VX9Tek=","6+iksKbYZAykKjI9X37LSi7Xp2VwCU2y78i2eLfTHE0=","shnvQxwbnztlDtN6X8T26iNhjlvD9d4NQtyvqyg00/g=","PKwKQ9uu9b4rRA2YWSDYS6y6a3dxIYwwHdm2pTnUJAQ=","OKv+HbZY2Wzv3kMzTGIS5rc7NQ9+MUe9DZAMm+85m1Q=","OsQHDDQp+ZwzlEkq7OEcXAbJHT+ZUgwyhNr4RSoTElM=","suPQrZvnYDw9ZPyEHs0kX5BDDEUsbZs4TY7quW2d3gk=","+LlBgjdnMmtznfBV9fkqBuCANKPOXoI0sP3uABZm6Ag=","nQ7RhZXnduAzUWU0cYM4gsPgwLoS9VvnuY/BKUHfJ2c=","BGGgqtTwobIsmB46FqnSiHeVFvMSOyI12i98KXuDtzk=","aaDZENCaGqMMXQLKBz4rvUuCMQaZ9K5JnTfaqK7Y3uE=","/f3zEf41SdtkVYM7gxLVzWOOsShfgjTxKhJ5rT2+2tM=","aw3sPE0s2FPMVAemorcpNl+RpWalEtaY1zYvV6L7Xlg=","W0dLmsocXVF2ZIZKCxrYwH9MtqZF/cTGJBrdVSsFi1c=","PPD8SATzXyPAhnCB7yo9fDO7DfZl0A0Rxw3VLYd0xI8=","ywzX1Zu39jrc/eLQtvDZ8uTY+wvLxBg63/rxmdRbpQs=","mHRpLFatP+sRlgqKbcdf4uTaAvhv/w//ffyBFFnvFyc=","DlQmcuCRcChjtwRy84ff/lgBTY6y281RMXkxp8yGnBs=","+F9ph000R7sZOXVBorMiadRNlLcRq1ucc5HE4tQcO/4=","T/Sctpr5j2wmIz8Ok9m6KnQ1J2CYiuxIuFaur/TLsOA=","fNRAV4F4u61QuVo6cMNYyojMxPi0Gn0HgljtpC2oG2M=","i0VyBlk1KcYtIj12lBmKeqNIyoHGDrmAEF/t6NcEGZw=","38sn4BdjCAOUXVgZmw1BeyQxdkKEeG3OmYow88jsxe0=","FPFXHDfLg/pNaaKBpKE9Zdseksc6vwxBvDx9NXRZQ1c=","Zi8rnF9lmX2ksn0S2TfMbyP7M/cDk9oekokZjJ/jI6Y=","0IVCCEYLh++O2tlVil6PPhrRNyoNiDSJ/8eirhVeUxw=","5LAy2ayIBFuOg8wyRHQjdgl0W9xPOYvea9Em7xjd7xo=","YqODp6HxuuinnIj3oO+8ipzl/jCxnzQM0dojEVMOVfM=","HpNR5FVxY5Mzdw123mVImGo4OkIn/jkPnq4I9ntfkxg=","64lkcPzB0m2TIv5So5Ii89djATzyiWiXka/f9Vsh4m0=","51+y7XY88PQmwC4uCjZa78TRxrGkLcqlMMqBq9ocCBE=","Rdq5r0qWLIOMyn5eA5ZAb7mnecuG+9m+pCXyTSjKjE4=","GDXV3ev4OCDSJV8hG4NPkX3d1Exf7fsD4ncQ1o9jH3E=","5zVhIXy/dZkFUL5K8rnG/0t95jyDuPf8Gwhbp8CpZNk=","NwiT81b2R131ZT2cUmBaIh7FtNhdDHKu1cpeyTHpJRA=","XtGkgJ2q+APXOHJFQFU9eJ8ksY2sZtd3DgYnuupsJQE=","LFcgu7Q9XKCPtb7moX9VUVXQHT8OLMgJBA3AKpHNRQ8=","2q7sfx8qdDvV7OMkTpBxl+qU1f6zFUgHJbc95aVE6tE=","uG6GG9nspJy9H+NAm1VuJrsidvv/cOYeFft5B8b5qWw=","Tj31OMIT9tEfDz63IPTVE9IH7N15tzOBmCZ3fDM4Kjg=","NbV81Zfk7jDLtyjjYcfvGE5Q76aVxtfSDNPItA5suSE=","jQadLeIJ5VJOZLel+/IF30wrO4GSditRtAny0CBIrB8=","o+mDIGYZaM5AFF/683drXlAT6fVjyvD/caSGsWtc91g=","wM32HAVS/zwDaNMdPTbbwjJLx6H5q56pAqA0tHnzIhg=","0uPtlLjPv3WOpD1t2NTu5inD4KYG2ogCGYOTALZ8g9A=","9eRbdzw0UFk2Ca8Aly0jJelPJPY/31MLgwHutlaIBbU=","XvdnrOmwNhCkwQu+ZVeMHjXSGRhSxCYc1y91Lth3V84=","/kYXmo+kcfPeQnulBz9dC945PqMug180HcSIGpeFO+o=","F1E9r4QCahJA81I3XXJ5m2GXuTIlAfc49Wc4Iq889CM=","pvB87vlNo0hcCkCJUNlc5Uu+7EhgA+p4qIfnGqGhmOw=","cXu4cg/0zzSKvrTfn0DclEAoH27FPGpPwr1XPjnzKu8=","MTM+FpIViQ8QrOM3C7L4C4oYXP0LTqGyXueRs1slDis=","WwCXZ2hpcR4fsu+ox/G4aXny7pOIwnBK507BZsgHiGM=","LqstmX8NF0iIq/yU6+v0cwp+SWbO73p4uXH3cVcJiFs=","3t+zyGEolzvpP+NOUpx1zunISTghzt2RUxRwkfQ9Ups=","mqCMEmje0jdytTHVwxDvPhk82zsmeCNud+ZLUFE3B8k=","RtTQz33NCbWXH1/0HjmYyF7gvAkG7qBuAaUd2OOPXPs=","tDbjZAleOk/t/JATskGpGRsTR3slXvxf4yOTge9gGOI=","vs8SQ+M+c5rKXSINngCe6jeK1P+WULTKOrU3OvpcM/s=","wEZMwyjDyNWWGfXY+QlNSR5Sb8CVMzh6opExT7PCv4I=","V3p68dMHlKHfTzqJiSo9UGF8Y/8HVASRdQdkcsACq7A=","ilFdREvpsRv/SywNYnaZXcl4JLvGPcfZbXZYkNNg6SQ=","+R0OR25uk1OicQL1Y+zbuzH6uQ7kdqWgjLleevubHgY=","qcx0cJ5fxdsVuErmbt6/KA5K4xGf3VQVaIViAEU7ybQ=","RCzMW9z3xxD/3FqsJx89fvX8z52ONJmbfGCAzisjLuI=","0QloIqWlQnHGpEJHmgHaGwxxEl4vs/m4aBfcvm10x00=","eeoYUGDsYYqucJNhk00xkO8XAYlAc7SScBR/YQNMShc=","SykUY8Sx7Lytx0Xh0WyQ+Q6vgD34cw7wmVbiOkwjUDw=","Aokg8TOl2os8rj3DQSdwuNKpY3QgScqT8xSBSKwbdWU=","K03nzMwLnZiDAWT33buddebI9gzX0cpSlFIbpSGQUjc=","6dK5Cpuhg97l8fPrX68X81t6F3kFGlrD06I3+R0NFiY=","x9baBnpU7vjeFFaNsGgc6q0EeG6zGjBnQILb+ZKntgY=","a4DAnz0BFwWpr4ckpCTH2n9f+Shs8g0GDq2brLKZUZQ=","oYhDD/nSQwXs+3y6p5kIabqo7BiHR070+QtoGJDwg8I=","wmteUx/PssqIuitP3jLqDP0h7/F7Z1vG7tU7ugm7N+Y=","pkxkncJASvppSVFdV/VrOYoWR0B10qRX+gQzeVBa5yY=","bYMiC7+1mAOGXdlq6p0oWZGIQsOCGGT9JBH+JVWzjQI=","sSZFw3WR3VJJhQ8g8JDzC4gPR5MYq1oEbN42ikZnzu8=","9dPesqsksPG0R5zuHmd6EhU3goCP8NZFJdPIyfnIfgg=","+seZUpTO98cAR4k/rmE9bcqIJMB7GtsKkXD0BrJtANg=","Yhcp+Z1pw+pSmyeLAtiAWWNMqFHlbvlD+0gdDx3/vus=","Xlc1DJ2hBhDdejtEzlyJ8uK6K2/NB8nWHeMZEr4xD2o=","0V4K+Mqg10EomXvhHouBJhYHfuD6KbH+Ktryp6iW//Y=","FjlYiDZ4aVnwvmBNXBviVzgZWUCf22wkkoVhRqaTipg=","Y2EQphf88KQ+VXTshcBAximz5GFlZgXg5iwLNtvCpMY=","oDNEpGY33NUHvxCU+8JM+9bOPsQPWycz5K2xQgc440g=","2+Rszol8zPPt2YbJ+1RKTL8iN1HQDL3bGj8wgYI8r5U=","U05r0uQL+0oaEjTd+jdeDr/JfkniXi2XR/ojVT4mEJE=","6tbetaocYQDeXcAX0PvvuCI096pTAacd9pM/sE99Xr0=","HOrEWOzcAIU/cG4V8WnFmmRxvmKsyeotQEKqKhH8mNM=","Xezzg/mfK/elRFWsJUB6plxE+yxM1Hyd8WOAloDuzpg=","WMdKuntX26ggNnVL2wjmMD9BJeBh7ufznxWRVqB/jI8=","Z9MG2t5fh/GSYibEC2LFpBlg0GrZzodD01xq2Ke8qRE=","LUKycVMEX4qNpRbD/VWRAZv16Gb2eRptDndew9uLEjc=","aCdsm0oxfjSxbzsMz9psg91/Po1mJEer8tBSkY2JWWY=","Q1GZK15iK9rBuaZmRT0Pvq/9zqqHg2nDQtmqLZScW1c=","IA9e/Wtgs87N35DWeFXfW0p+yRwRP9nHB8uPwT3+I1U=","60FgrUzPI8EKeoznvAP0EMnJdEiOrTKUaUj56uwfBYI=","39b8EtTtzzHrV0zTiW9YXWzXqKu1KYFYWt73zXAY65o=","11CZ5p9fu1ruKcaORoyJmLbZjy1+DGk2G0mY6QJVp9c=","bEVPAfADRV/DBu++xJbbs/wbwcQMHm/VoNGNjrikR8c=","z3ZdTPs3XUwxL/rb4keYvdC1KO0gtzHHezXD70Bp86o=","0orpYaAMZL3v7AmxYHV8SzcXtIFeW5eTmZ7QU9gtS3U=","4nzQDxRNxlBJFM4S8hOr+9Gf0CCG0FuGonkNG69V9hI=","ku5YVv6tWVmlXGroDtQoRZ38GjK8pJJ7nVdLreSxWvE=","98n1nbq9/Z3nf6t4PLqg0BnjAHBmU6W9BtCJrlXBDlI=","uSTJyZoDYUggml7LGfrnbb4F4M6mrYN1xhp3uLPGvoQ=","wbZ49wLC2EFHpS33mDFKoG35zf73AE5HpVro+QT8mNo=","hGb9wKVY36+kkqxZNflws4v5WG3CDJf8g3YKL/w2TH8=","PUNpssTuIuIZQ1WSulnSTkm/sqr/3TZIh0rV0G1zcmY=","EeYqQleMqEKYgA2yk9qlIogwqEdLjbp5FlO20miqlAw="],"block_size":4096,"path":"background.js"},{"block_hashes":["5wbTB/iY5vzs1I3UU58wthfNtxM7aUAdZrRmP2zAJ9A="],"block_size":4096,"path":"cache.js"},{"block_hashes":["QmrrQISbSoE+02VhtFuVGw9YS12vl6ov2WgtNrrOZgI=","VzZ9onb7e3QyXSBtqnZqxVE9pu4cG2TOU2LwsMfeksw=","4vf43CydM1RcWH+s3mFH271IuwYqg3qP78DuWErhSdc=","Fv7oK8uYVYeAvcVGZlD37LBoESjyZ6ozXGMPJbNSGZY=","2CTB0GMk6wolMtKj5foyUO621/fVcThZ8MFDdO0HpGE=","gHDlHh7pqmPS6dAF1/O22PaoQE9/jYS0kBgqxd6OajY=","JkBYXhly/ClvIjaWSJp/sYGCczhni5oeztSyyjvCGTc=","25+XpBPyfzt7tQgV52fjVgiOS8lh261CwNZKWuGiCxs="],"block_size":4096,"path":"content.js"},{"block_hashes":["gqiQs6M6PfimEp5hJl+MV02MRHpe8jUKXVJC18WQbIU=","bdBWQW/l/AkW+kTnRAm1HUS99M1NNzBW1eePDlZsF64=","BmOXNrRqtBpfrht0Ov8/L2Sm8A2JClhCvJU5O10/xBg=","4qLSDfynAiahPFvl5+BLaGVHg3xIGcFbIML0REL9Gck=","TDm1PeTkdwsnbU1PDu2LF1aGr0lr8uoOAct79364CJY=","alLY9Bp7MIHaW4TwamFWMY5GMGxWSG6Zj8eJbpSsJC0=","e+HcuNN7IWosCx2uzV6rEUuuXBd7v68nWNwCanyGezU=","kxQmwo5G2Q6KkqEMenDgrsc2FQjEIAwpRyh5Zkrdpt8="],"block_size":4096,"path":"editor.css"},{"block_hashes":["N8Z6BhtNd3c0hy6Q3ni7TXzR9h17JOV01V+90MID/z4=","LKKzjx474sMVgL4HXFJY8qwEFZ6RO2H3+BxG4J+hES0=","YagYQcekoDsyDmDBiU4bgwOQ8viHM9iIb3/NpWWneQU=","Mlc6oeb60f6n6sZnYllLIyTewRGg0YifN6/T/D5AzUI=","1mbrYaaofp5DzNNIbJKJgWqQAYm/ZGZcWZ9NDERFlMs=","hWwCLIFbax3zNBcUXF37ZhRv6e5Dbdt+bTnRrAltBSI=","7QagGKlRHzDe+P53fChjau9L9gsX0ywqQdSk0fQnZqw=","7KnCVxB3Swdhbj+LkZrc4Il2bm2jBuqqnRuAfRqby+k=","PP3zCxgNhvaaT8kkVBYKJ3APfKMZteWVDQK6goJu45Y=","hIV+vo+L27Jx8U6al2DBQLxTPlVrgVWEaW7B3AGs/4E=","rtxfs6fpBgS51hdJq2DfCwBMgiR84CYJINUpmvj5NXo=","97MWvmg1rG0h/NIGSoxLDaFebLNE+46j8+vFuJ+DgL0=","QY8TKow7CxVo/PtAyacJwu9sMOZ24iXnXPyTO4vUNOc=","KDe4ClZ7o2YMduamWxhSyTQc84TjolB9WDO/XbrUyGs=","HbQBWpSKgpRF+hcUqLDIbmKj4cXwFFJxIYQkytMcJsE=","WVK9F6MemMo3ILXeIcnmRwXbelTp+Smg7ZILI2M6/ps=","ZjWVqSSSFag3mtSKjhKC/ucawOjst/zJa9d8R7l6ExQ=","rwguvlwQv3FISsyOJAtDzOm7VDYdaY89fvCC/B3mfjI=","cIZ7U7Jrf9w1DR99bzu6uO2WOaB6HORhMET185Eu7Vo=","evYtP5TmYLtb01gzfurJoYjAdY5IJserKJKRuWtEQiA=","buUWLHAmVJfbNozIXPLE0Ol4eG3MH7br6Fp/2D4rCnc=","YGSFRhWUhLqvk2JSBp7YUAutCIsTk25CNxj3nL+wALA=","gFJeCR+vfrdgXpKmCr8/S5KuVVzz4+alX6jQsy/4UMc=","ULxGWctgJk2OAkS1vej8q9v4NU9Yl8Q3rPBDxLvNLKY=","xSts5JYRaGAL7euGNb70XmBZe+3PZ4jIns/If91g7Bs=","5zg5sXp+rupSOjrr3IFGn+H3/Wu0b4EedCuE4BfxFFw=","9j8i6GWhVlitOiW9zAlOhPW3+7t07w+7eRjZ3ZLDrn0=","hR6ngfttVz3VisZC1NgeAPX3aUEvcWOh6NYsZKYAlYw=","foiPkeyAwgNOZkiNax009GzUnuiMnXppMyRqSVrAA2A=","XYDUasknfhzl8gt3z+vjzVqZ6GcdTv2yISKHMJwuoGE=","v6LFXTVJuv268wXS89SKGIx4yIvHbv0OsGY6PlVu5VA=","p0JRA4dHBn7dxAJJmL4a2QR95WC7S8XdQqBcfhnfG84=","xmtlFLEpaBBztWRu1K69HRXlIMmdRN+Oyg5TNSNsPWE=","tW9NXwK6lmQAykUviIsZ4nvfqyUBmv3EdS1F5Hhog7w=","WZK5zXt9NGkBkrochPK/wPv9boBT+n/pn/SlgnodIFk=","HmOUylg1chvkRDJDjUjtfKR2oUXW5sBTo3KKWJxQ2w8=","lVuqQovqEN0K0X3TBGkPQvJgIvr5sT5aG9+BH/q5blA=","8KrLL1ii2jWhXF3Z3+zeyuacPrw9W1KN6Jp5ipv0Qyg=","iFvlAQDYPeyvxcB9rT5gBa/k5/pNBjMpluiqdvaUPts=","O8CfVp4FBR5ezd/5v7B91rIXukNnEW4OyInY77BpBkE=","wYVPOEoiPuYMASSZYGSB00JJ29sc7ZHS2kGgpHf1J6I=","XHpRinrBw3vq0jtQ1thaKWCKtiE58gE2ZlXoHCrCggs=","wwfUtrz3Zgi5Yvu11Hyx5I1tcY2Unk1elTp2WImg9rs=","7YI04GiueFAv4OnPNjWMMMy0t3YZfYAbbvYX+BsmP34=","jFD+ck3aEopUqBbIhXkJRoanch7SGmwKb8TRDKGWGEg=","/pIqd3JdZ23ZoYKNimktf7ozEmpRSbNCt1UcUKuunWs=","lSwkf1cYutEioKJL1mk5ZeQTW2dz0Bl7CWvYFZNJU5Y=","OYz/88pesYQUSg753MrK+Q6f3uTC3ZhkvpyYFAHnc9M=","Ak3x0P2Gq/Yh0smczyDs7AUrH7CmRehXdNmzeLNOTxg=","bfxiVrYWXl/vMVPgCpiVNrC0h+lFQdGChLjlRi6v2Wo=","zev3RSBDe94RI5oWx8qGcgiv0Kd9xGhQ8+el+QG+P08=","ckEAlgJC2PDAVqK9cKQ2jR4WXygHS84iRL1RPMmKhZ8=","J/vFxMUBSjTNaMZCgeUkO6OO455QxZPd+yjZCRnjdYo=","YEs+Z69HMjOluN+sC3Y3wcanSnKRKe2EySNrwD8WubM=","r8/ewHCI8JsuVqiQ0PJ1ChYHKrH27W0C3b2N0ByWDq8=","IMHOIVeG8U1htVufPPF1t1Fwpnu9f/ZuZbE/lF2qkCg=","u/JOcuyha5QaI+BEQVKU60Bdx4YVbOsfZPKSxCc7qBc=","LWLhekI773bx3f8pn6H9NLdZhTLCsiAarmu61N3lkS8=","27L0zSjQ/izVBBDB6i2P9IEwsQwTP8e27LSDkqDvXfw=","RRiTUmyNCHakvPEbjLv/m99qywItBHFB/t+o4yPlQwk=","JCr6C9GvKErd+0mnJVzEgHZddA1ac6BGGp8KdfULpV0=","rrw9f4BjTGxxCmdZtUuS4VWKcVqxtC+bVmVvX7mIu/c=","qkjKN4UAXASjPW0GDnPVoYNMu5VhJRSxOAkaKzdYIS8=","fwuslUCexhe0i4j/DH0SRZ8tWtFKwc6NxQQ4GfrSuIQ=","ZIxqclPGrZL0MxaWEzuH2ACHcaThMqYRGpl7IdQHZO8=","Wv4qq0V+usRpsr8VS08ufsZL1hLKb9u/3dzhIK2Fw6Q=","R3hhH47aaH+2FZkIXBA1q3McfsP6l5+vhFTrhVmOUig=","32QaUJMmdM8P31D9Qsk5fbTS72XnaYXPqP72VRCwBEk=","Q9HFke3QMac33vL+inUVZWGYzZUTkgWCFZVoSyhwsHA=","/bjteKIyPXZedm3tWLlOP96GCbsu61TRjRvadN3AP88=","OdtjYF9awNiOzP0ZR8kRHc2J/wDHb8OHs4zYA/0pmT4=","I/vN7T1ppuy0KsxzguMvcQu+dEeX6ZaSNHDdmNhRO1k=","wbbxkmorYtX6guoOEHebDh2Y955g/t+X8nbxB6SJ5is=","s4kJfEnbzfAPgtX0BRYblYuzz+90CBjq8cmU+CwNjF0=","8pDf92p90aCEe5hSNNvPFBKpRlfGstloUwJLyZx5VJY=","xojzMA+X8Cdj7ya7SF49WiP61QnM8lHKaGl8gwmSAgo=","sjKfiZkHryeKflODdyza1NLqlMWVJdSE70Zge8wvPwc=","Dw2JtoSRYuyKTLZ0BRDm0RQZ+odurhUvRNUjnpZLm1U=","/e4wHCovW3fWuMH9NNKeRuwPe1xOR/n5JrZY25nnCXY=","877VvOk9M/hGz/RzR/tYSiFMprf7Omb5nhGnWML8YWA=","aKq9khlN1oDzvDtg2WbNKsDvZGXCKmOr8D88Q3f5msg=","oEIRiEgAOu0WWN9qXNVSb75V5bYGV4k9wi99G3ymaxY=","0YOJVN+cNZzMkQGFsyuc9Ajwb+9ZPJsqtaTpbMA6wWY=","bCkhpLJUchpuVdyde9YhfSyMtz088YajJ/L8AnrzLyk=","vnff9XoUqBE1Um1FLvzgpvsrXgpcF2pf2mtxltgr6zw=","ls+Jt2Y7R2E6NAYkjosU0FAmX221gm6T3rM9IAZdj/I=","osm6jBlBgABHhL/LfJE9Dy8UdiID9ZgDpYccjnSQ24Q=","9uh81Bpny3nnSRe4/hx1zDamXJ/Xy6DOaddR4wmEYow=","rUvMnvRyiIcCLi1wtvMfeVEX6ZQ8mRcuHdQiVMXHhJw=","tC8pGvqbDksXFIOBNg0a6mcmJnkU3veO+eWECtmBkwI=","5lJKgL7hmBmvl/ePK5X5Y9VrjPiZVUD9jrzT+s/+4NM=","lJYcO3YTqtfzVw35ETjJ/KO9r5pLubkTnN2DcffKCKo=","0x2uxBIDVm1t06vchD70ZRAI/QQxA+tpLBFOuz8HONI=","4rMblqrt9Pm1/cAdXibA3xQ/SptGkyuRKms1jyhdi4Y=","2XSijMC+GysdiGaSZQf8BWCJ1oMv4itgVHwLU9PKU1U=","fV3ALvspKWB9CFMu2ma4IjAe7c1OLF1Z/A2dF8xQoM8=","HMma1dwV33G606JSdSO5yZogMtJf6qAWuDCEfN1XTSY=","Ei9hHx32yqWyYIqM7rahdlaA5XPZ3dcRlc5VN+PGMmE=","06F73VFyuGETOcHZjq78/Ozi08FQzOR+R2YEtIHSrz8=","lZUTt/uccZ1whYUrWPw0UvGAsYnxsTkGT3idfOrFKTs="],"block_size":4096,"path":"editor.js"},{"block_hashes":["phSVDHsf41sRQF6U5Ko9XYn7sqC7X+khBrTJ9aojFL4=","vY+EFDm9kONzkFa/pS2IFR5kFYIdSdlEyDcNHqC8CsE=","hTQJjgiEHaedz/uW3yLPEeUGgUUDOa9DozukxQJCK/w=","0/XH9AP3UzrhGVcujhk1pb++mttVwJkU260Kk+ZMUqY=","5cbVaRETb4MvWa7FHAbBXo/hEgVRwKZn7xpmCTJwpk0=","GFJI0RNXnqjbO3EBkPAtDnViDsz/KYkKIuzZ9oUhfHQ=","Eb6zL1/PPkoHUS/XRPXuvBIxDk2JytaTXikNcKw/Euk=","9gMVqlEJ2cK27G+Rp31Z79pZMlvQw7c1zSFYrepr89s=","onvNDqSpbJYg5tbrpSeCX+r3t27NUAxKMvElT4ZMhms=","y59cOdhxcwn0POBbD+AK+5ds1dehkTOJ7wdeV6WNV/8=","HF6INcHGlh79peSKIbyuOQ9VpZNeD+fblU2dCCgUaMc=","q3+f8w/MLvbeMs54DZVKxP3ODcqAticjl+p/UN+nGaM=","O7kBYTOH5Dos+piOvC1wDuCpSbkjioV+FNDMs4mfkqM=","BT6rtyt31HV/fM1pDCtTV+/dKZyhQnBCkzI/DwFlR7Q=","tspSiJHE05AJFUYrGW/wIcu5L9ALn0uFzBqwItN8ves=","pEK1Gf6R36OHhzatxRQ8QzNcbImnprAGI9QScFLwYRs=","OZAAQzYpCNWVMon0v0GXr8czlisvjkDwf3TsAYHkaX0=","CQLoQEmWPR+LLCXbqhRTlUfRaHbilEyecVyE7UJNRUU=","lJa/BOZG1+0VQsoAIJ+gr2tGdx1kfHDrzF4tHGXsStU=","ZES1KHvqcD9ofeyXHHctENsFmPKdZWaCXbdq05nPEx8=","t5YKBiaH7TM7Q6uNB18jbk2t9VMKXXhBWnz4q3pOm9Q=","G8C/7ParDiutTmpgjaZjsk1G3avDliuzYIaxDEooxAI=","Hp76w2GWdELej44QR+ulDBJBgjw+6bCrYOyr3ZBRXsM=","BMPKoaXtEpkL4VEuxERF13Rt3f63aw2uTSxZ7iYCoKI=","0Nb6GvvZvB3lf5P0S9h4JWT7uLB4WfyQ0tfPLXPn2gM=","Vkf3EYH0okejrGtO3qLS4nWqUrrUQOFW3GtVDZQToFg=","p0lmbVoNq2Xt9Mme2IGY8Fj39Ae80WxZrisTOJCd+jg=","NIZ7wiVQ5/F2P+3hNs00z4v8Kx4jJ4ZK8ob2j03lEVE=","1nYWnhfgHcU1CD8Eeeq7gqROWADfUd1TzRBT9Gne4k4=","KQFWmTcaf3InJeVP2gfbwLdlIxccGIaIwePnEgyjvGQ=","8Ju9W+hTVPf0tkCPEJyEdrXwTrqz0KjomulenyBH3pQ=","5iufndMp38cTw31NaHKyIWIgav0MtH5HUrawd19z9Fc=","ULzqInk67Wm/od1XY+rAv34vfKC+jmJdVkvzAjp+WhQ=","l+ltZHOHKoEMIs2cid4b8swFdfLZKWrMEL6lpd+WTXA=","FNuN5WDF/6l0+rJX5B1fA6D+1uLv3ACyVAlKZ4gi9lo=","Qd3ZDotVNXGR8UR2eOhYI9p6jO3h9MVnjS9JbpmDDVQ=","/P+4Sx52GBAgaexCtjt4L9SgIijtiDrgc4v8sKSUW8w=","5GX/T00vNOD2yCSna9uf8lvqi5BU2uwuwkxmjbx/RDk=","Pmq/VAKiZIv+mXTt94TvfOuN6pC46vt1Kd+piYBOUf8=","PUTnezJF84ywpC2QdYL+8fh7ob8IXEOt56RXrD8n2lQ=","6rZ6RvI2l0/ltFNN7aeXdtY22Aq69yq7y/LOcmp0eP0=","CFT/NwSNDm2pcSBtmNz6x4GGYk2hFohG+Mf2udY9F2w=","f026U83L8gMjclt0UD+ThyqEL69CF3oucQJIVnXd86c=","ejJ9gwRpHgtwLzJEId7vMLs0GC/JjBEqMYlB3Y2N6dc=","j7h0wUNaZ+3HpPx/P7ObJSu6UicN83hegVYBDOmU4FQ=","yiosIaS0KEYljgakTw4OzliwGoAHOrCo+7LYCLPUdoI=","INeecoM/YkWt5n2q90cJLm+dEpkOPLvSmEgoiwLgTlA=","cBIEw+BIX9BOEFfEnsJXVSDIWRXPSY5KZhHoHqB4IYY=","beLSZaZY7uxevZFVxA6x4JI3cWB1mtvIyS7H1+/82Qc=","0HxI18F81QxqiG0xp457oMO4OLMUpj0t7wKY7NS6INM=","9GnlcrKpRczIVo6jjhk1X3hpwbvPTWgm4W4nSZvPgKU=","SuDfiPuhVQN1XxDOPXNJU9j/kcuaU3w9j9iNZ6cZYxk=","/OimGzFQ8AsEVowic6Reo8qRpF6MyCu6OOf9yEtC33A=","IbaKtCvbquq68/z49+I0ktoGBhqv+/cYhRNR3XrpYWM=","1slHPKtNVPjty87OOHfYenQ7aCnWurSoZkYGiFU5bT8=","2fm36gzIJ7VxnVbF0N5E+E5VAVyEobZEtZXZjEnN/Ec=","V3ENXOERNpI8g4HBehV5Aa+504I+MNq1zmT3B4YBjJE=","2VYJ+PGcI3b0rFnN2C7mxGd2wd7QvGg1JGrlsjwKTSA=","0TjPrSsQAJFGTso8tisbwWITsnuC0rXnClbRl8Y9AWw=","DpEmYb2ZZsFTfCtxtlcXCSRuicb9ZtjFVfWanK7Fxrc=","VO9YkoV9MtANhSKD+XnhPGuYB6IQIGjKW8l0ke0qZJA=","ps9k5GoQ5S84A083rhSFkgq1JCASvpGlhsZJ8QQ7dlI=","BGg9tQEnw2rzfI2zwwb7ipwVWqd14cvsbx22JYa6us8=","QC68v9xaXwUKnFupLUu8/FK4cEYPggMiJgwNyqNQrXU=","+TD26kr6OP/g6DGj7kAXgSBNhsiQHzCUpe5H8AUoqb8=","Z01fEpkGNwSHpX7pFYsELzKVzv+7iBZyJ8pdPs8Pw70=","08WZjFi7rMpr+JBsBolWqrTyDSg5GURY8sx/hhWD6AA=","uFMM+8TsBSR1FqfjmRcltDDQD8sWtny4+M8l7dx4e1Q=","A0kiQrSuvldnhpTnKTRFJQuE0YZelLSrzgvQM36Kk1Y=","zJtWrvYStBT9K7/u775UNgbnAp2DUX0YawPAJw/Uw5M=","Ss2l4m8hvL0PmeaEp8o2SddRedrKIf4rdeJoQA9z1B8=","pYOGub7ZbM42/1C/f0qKqBkLdDAyonn/XkMCVPT+QhI=","0BzkBggu1VhlPKBRWDBu1y8S2vTSjyzuCEN7RmOkkS8=","EYPzgmTAsyf+IwWxDPQWPTZLg2alKiw5c1nI81EdXrw=","68zMWhzlvOEtdbYBpGzVxMgNMzPHpfT3XbIarzt0Wvg=","xXKGWgEJ80yDRb9Fl70qPhhgEKEwkutmXDZU7vTKaW0=","7aSp6IeQ9CRvODYi+vpBEtMfGYtq5wyLJNExj7+p7s4=","0J7xVsyuTA/x6yDxnSwUzArlP72QbXirkfugidEYGE0=","JdgLGltGrHeylNnPulNkMvJsuxSEuFAOJOjYmJqgWFY=","VX8iSSIBNtHTqXD58JlmpGj0+weGEpnU2WbuveGOAhA=","wORqgimmMe5GNAePzqdlMb0EjY/2zOU0Bos4J+3QzEM=","PAGlcApLXFu8OYN6W9sagMerH5aX0OferWsMcbNt2lE=","/vyfffsngFwKERLEKIx+NAKSosNwgy6r9FWyEkTaSu4=","YkzLPO9X3pP8i53p/0EFVpdj/eU3LIVZ4Fle03QzA2k=","CDKb2Are5cpJZQuJslVCn2+joUJ5WzGUjJod8Pd6McQ=","WIPud+M6xhIGlgHa+vQ8cdBp5NXSA6YxERdLXHuAAJ0=","oW7lUDEPMLEWmkXcmxFkSke4GyA5ZgPfCxUybYQANRo=","rvUVIKnIWfPwavqVgYwb6GY7xVJaLxf1R1SdpryvDkI=","SZeaw/t8VYDV582Siwj+vqBei+K3NnShp1+ydQtP2XA=","Qyda2BDEcBkWYclKJl5lJOrfIqPAu/ITAQX8Mb2mk+g=","qUQGoUiImW0xEU0Pdd3bPM1sL1JM25IeRYfViKUhSTQ=","qJY6DQ2hLcu+7hh51efiTWnKEDg/40z0kutBTpWVGuA=","p/O5EdeOP3YAdWdV+591D7zN5X3SdTJnl6+A1cST9xw=","Fpso83NRTd9RVpfVBR2wYEJWZPZvRbgPNOsWGOhKF3M=","Uo1o7Rfa1Iw942/dj1QsS359d5CfytGqP6xU++ChYWU=","23kLn46SoU+qykwz85fejnjBv7SXLP2dk3HFZUuCnLM=","6CltUMlQgI/C6gc7oBMhWP1mHAV96ChCKXDvBwUD+5s=","fDqA9UkSeC0H3pAB+JOZ7elnHb4AmFU45AqlGiFq1+s=","vN79CeQs2QWE3bODV+Vqz+4Wa0VwtCie1b6waz57W/4=","sf6RncC1dDOGdovuDgg4rGyFpIfT/rexheN2nqi+3kM=","T84jDwUIqM3wGy5eX3aOfNUDid0RKS10pCrJV3pkj5E=","aAqKhfjRYIbN4VQYRSw3poNuS3miYgLzSPZccYNR2xs=","FKqE2IX0GJOrue9ykLBbdcysxUpTzg502wa3I1w1TDc=","cgy8OxM/rvymgzd6GkVvMUqG22Kaw/OdxmETktVl7JQ=","4dmfjz2WL8FWALv0TLSb/kmOY4f7re5NYt10F9bQPds=","SYz2U6GglmXr4yVzwXOerzO4MEF7g2OgnBLEzpINWK4=","Om4GZksWfw+8l+q4G1VAb6tRpnxCf9mgWN3Ro88NtYg=","DZR4UBQ9x1pJW4Zv69M4y7HeaymFS9W9VYFUwuIKFIc=","kJgrlynjH0ux9IRWAcitp7ouunVKShKfoKwLkQMfBXI=","BDvPycfwzUiYxBhCxwBeuagyXemRUEK1rEKAoltbQE4=","+CgbNkdidBLCqDGWOsPZzpzSrfnESQPlgFsX/V4b3oo="],"block_size":4096,"path":"extension.js"},{"block_hashes":["PZigjUX9DsnB7LTDpxF4ySuO2Pk6kvHXy4mOTvkCCsI=","/i8vWYuYhkN79ZX7uQ3EiY43qbaZ7CXWqa8ZeYiCfEo=","RNXH8SDJeLOLW+YgC4oKPuETBmu8GUn6cJ9QggQ/b6k="],"block_size":4096,"path":"images/ape.svg"},{"block_hashes":["5/B6pm9zkngBUJb2Sug1DlwGW3JNO0kdzEYmJq6BjDc="],"block_size":4096,"path":"images/icon16.png"},{"block_hashes":["Cqvoq2uoFgGwbTPRHmx9QhZaqIS0rWmY5ngblicGRkU="],"block_size":4096,"path":"images/icon19.png"},{"block_hashes":["52bSpZgCMVWS7gKm1XLMEiWmSmWKnwQiGzOS7z1SKaw="],"block_size":4096,"path":"images/icon24.png"},{"block_hashes":["T8cguIGkpDCzjPcr+1x+WWCAmdD9u7urVwst4b34e3A="],"block_size":4096,"path":"images/icon32.png"},{"block_hashes":["PLRwfAu2PVjnH/+HYRdszjzdM324g/bTa/dSBQjONV8="],"block_size":4096,"path":"images/icon38.png"},{"block_hashes":["Pw7NMsshAq41WPiRJgnOW+9KXjetkGaht6Qw81RzHr8="],"block_size":4096,"path":"images/icon_blocker16.png"},{"block_hashes":["CVeNgcgFnKXKLFHYJpd4PgVXlvpWQMXc0HInDauKH7w="],"block_size":4096,"path":"images/icon_blocker19.png"},{"block_hashes":["F1RZ1rKjQLD9nD1UdMUYy4x+IiG/hjMUwFcZdshkDsY="],"block_size":4096,"path":"images/icon_blocker24.png"},{"block_hashes":["pok2ST9EAuJXEyW67zIgdJrvLbT1KkzK7N63oq5WQHE="],"block_size":4096,"path":"images/icon_blocker32.png"},{"block_hashes":["cPP+q2rB1xMOd1Mkbs8e+G3y7XiA+iWO+RHDd4Nh0so="],"block_size":4096,"path":"images/icon_blocker38.png"},{"block_hashes":["LRZ8h7pJvAytC939bW8HFit+t19nvDEoA8bsSdxk4jY="],"block_size":4096,"path":"images/icon_forbidden16.png"},{"block_hashes":["n9N+X+7zltkHveqnE4g1gL7dvIJiIxzc8X7qRCLsn5w="],"block_size":4096,"path":"images/icon_forbidden19.png"},{"block_hashes":["Jj6t8TdMPrm9AWqX0r9+xslFE62D/Lf664SRaQIK6Ro="],"block_size":4096,"path":"images/icon_forbidden24.png"},{"block_hashes":["+s0+QjbWybpOMZJ2gIU1Q8+UNkFe2qsr8CLwuOhZC90="],"block_size":4096,"path":"images/icon_forbidden32.png"},{"block_hashes":["8uYGvt0grSFMSz6cPa/hPQ66/IjsbCUukAnt/mZE0Cc="],"block_size":4096,"path":"images/icon_forbidden38.png"},{"block_hashes":["0gX0JH5H7TLO/xC+TcTIVGcLzEKogCYcLHETRSqkolM="],"block_size":4096,"path":"images/icon_paused16.png"},{"block_hashes":["pGYdy5IaNwaz4KJtep/lPY013xLjNbMHraES3jkrkUk="],"block_size":4096,"path":"images/icon_paused19.png"},{"block_hashes":["Lb3PdqwMAFw8ydPftVUytyeQPizHzLhD24OZ9eOKarI="],"block_size":4096,"path":"images/icon_paused24.png"},{"block_hashes":["c63SfRiAwPE5HOnSSd72wYmRGJrf7dAe2R17kVTZErw="],"block_size":4096,"path":"images/icon_paused32.png"},{"block_hashes":["uCoDWDp7PN0RH20j8JCr/8GNBHj4im/17LBD17L7Lig="],"block_size":4096,"path":"images/icon_paused38.png"},{"block_hashes":["Rxz+9hoL1iNjfZExrEaYlSADHOl7WLwbTbokf0/+2fA=","PI8OxiuDz4LO9niGl3uv1ieRCgEFhi+CbDyaqlMAqmE=","N/lcJXUDE8Tcow6GnvmXvzWITL1Q4x77pT/iCeA9qjY=","Sbjjt6JHw99u6QCmFDrke4mkcjfFp9hafpO9TL/xvGQ=","Jmz/uOWgHWYm75EWvf+FcuNbT/JWWEe7aBwlMswnRv8="],"block_size":4096,"path":"images/txt.png"},{"block_hashes":["GSpb6Bs4ASJ6Ivxqm3yg7GaBFwkPFUEdB1Cll/IRrKk="],"block_size":4096,"path":"LICENSE"},{"block_hashes":["efTkp0mmmYJGKEExofAeq504kTPQR6itvdXQgeq11kE=","wWNoxM5b8YxFom3iZPW1QeD0qSeurSrqssGzvcYiP0I=","ClzeqyIrMRL1kTzLijpNacMLiO/pR9ddD/iY9OpN2Gs=","XvFn1xFZkl11oHcjN+3X46C8C7UlpIcDOqmOJ3xv6kM="],"block_size":4096,"path":"lint.js"},{"block_hashes":["SNXeJOJzhSczeW83zerALXMgSUrQ0gf85olO6dw0tyU="],"block_size":4096,"path":"options.html"},{"block_hashes":["ojtHsQiizMI2sZZ2cClXmJDVY7Wznl03VUmbNR+lpCw=","h3YuG2xlD//cbP/gyTCyZ8FD8GLIpJA0wJiIt21SlMI=","4WPQaVU6L0W1Au5rnW83VO+PDJuoosULhdgWDfu4+84=","1dSpnJrO4dU6Hgnyx01kpA76e0V9TQUW1gZ6mu4mCrw=","3shiv39qkNUbldHEybBbh3x5XP10iBJVjFkoWirFwUc=","lmJAvEHRfiGyZelIHOTnXT5R670geUkMIxICFHw7GBE=","+zHDB8xV12ooHeBIM1FlFGOpFYnIq8gkME33PZLji94=","tn/o01+GtgewY4zn0P9oZyBPANAsS7gb5ho80zg44HU=","5tkt0dW/ovttiQeu1vXtM6HOqZtmaYdRDGaMuuaVBbQ=","e77rKq6iLgUN9sgyn0d5kdH/rmLwq+ZaHYYhAWdSrzs="],"block_size":4096,"path":"page.js"},{"block_hashes":["Im4KVxDSOEvo29YTq8TLtQ6HfuJsdpDMC4Wp0eCxhXw=","WzvQpuuQPfI5gsF1vDzX74IUyOwQAmbgTYIdmDMNuQQ=","wyKIk6Agl+3sAYhLOxEGfCP8+/XTdx9ESDJALVkbeo4=","hpfMRPIjd2DPBgPYEwJ/hakpG/rt/Y3pdlfNmq8Tk0U=","wKLg5MSlZzRP7Q79TfC+Q26xF1orUtKSp9SucVPrIN8=","3+vlJhCICGU6oyQv3qNP0kzCEJdZV3ViLZ1/doaGnbE=","lZa1RJBkDyQlYcXMBCBld9HB7nOiw5KF7g18+YrqiWY=","CFmUrm2ZS7GlqeHMniEyUfWb3OdoolKRuYhFdRqFb0Y=","QWo+5QML2uWw7Lp0cNGHDakG23iQm0KiktF76eGgigk=","bntmlufgdyMW1DNIt2UNfE59bPXtZf4mYgqaBdKnJ0Y=","hHuKvKzR7OrmSf/EtPS6e9jR7Jgau1XMKtEhIS0TNd0=","2RvofEjWim/QeKVrZpbia8kf8uxXx1396mSXrbUM3RM=","aZXoL2kpCwqVV960yyAMHnRwoaoFZVZ7JCyxIHHkBQw=","yXXhLJ5R48TpmIBxXAaT9DQjNKoLsiczPCk85Ii+Fc0=","9iCaW7ziRZm5vfB5+eRsZ/dswTWEvqhQuVguFgk3ug0=","TJIEBGFi45Wn+EZRUiWGatd8bv0pt3JdWKP1GZwdY9M=","EM05CTAH/7ClRE/sy7+wcFKsNnpV4lJjQXfnwEQNgx4=","2Ygw2S4AKfRPyZKZ53pRoMsGFAGbKx5rokhVxTp0jR8=","5Kg1yjyM74hIDh7dRfuKhqRJUYgUUhR+pLz3YNc/1Hc=","nmnVPgSeahh1Xfu6o2M3HIe5ARy83Zh8J0pwt5EqiPw=","Ji5zOO+d145sjtREbH1CzduBHPeSDifEjNoeZo5RhNY=","CDPFfxy02YUx0IuirZnBr8hfTLOpLWvqRJGhfb96oD8=","9clbgC3qjOrbApdm/ovDskdkT7/lrh9YBT55Gl67uxA=","FfJRPLeZgT7MTInoOEN+qpZesyM7ajNPgKBJzJ32DRo=","N42B/eLZc0dbtI1PEWi7CfJM+JXw7JdFE13sDOHjEcw=","9j7i2YjY8HLRJ7HoNvfn+Rip6u9dz17nhmXQXRrQfio=","vNb0hayE/FOQxTVlUavxDVM9L98/R6C43rzQBQT7sTs=","OYJ7Z4m4OtqNybaJOLNIarwUZ60aotQiUPk7coyPEfg=","eV93ieaVhz3iqE5m1ld+iueQttGez8ExsDKq+8+vBSE=","P8CQQGE/UreYSgXrbwQzcaOh0dJoYSv5TnouA3AbLAk=","HevTrvAgq6uQyucRA3OfA0O+bwUsnU0O5c7YRJjjLE0=","e/u3Zlp7zqORKbrlzEcW+ybrZ3SpZun1tPlwrKCMbZQ=","RGdL7HMwDL8ZbBPFen/4pbrTNznIMo3qNBMYR0bf4HU=","ZKLxgKw/+jZnjyA8WLgDHAHIf26HWOq16GH7htcA9VI=","C/mIISHX+tPDf5hGx0I5I3MZuYtaJBmT7/zG5LVbjOA=","DQzI0z51w6czbVX9oI98qTcgRo19DrJrszd77ucNFa0=","FQ9EOygjQdaTY70MVlXXTfgwAUltEqiITeTLo7Hp0mo=","bDdp0C4SGY3vHF84xM3Xr6oB3zd3N1gOz8j4jwTt04k=","bMxN5Ng0UkwWn32TcSvompeICHyztYbgdbwO7R6TPKE=","b1CqhFVvcSu1qapLjdEHwRRGBtCrthoANn7BEYuuVpY=","IY6h+lMQakd37o4l2kWfELGBU2UfrnlQcGoLVjjNn+U=","S1hj8g50ZFC81THJLyVQYrMRpcr4S84iTkL4dYO0ooQ=","DFxolXx2IfZWG7H6hxLJKUeKSwa89mVo07DdeJXt234=","zKUxGcJ+ZvCXctNxI1Ms+wyhJ4UwHYV3sZF1voqT1bk=","3zYB3bB53npyx+HZ5F43OsF5GBg75vaDVnLo2yDgf4I=","PAXCrNH41ZcdnfXPGGBIDbirryQy1zZbRgzWoQvKx18=","L1hXVWrPxTN+lE9vOoIhdlJxpjpqyF5JbnmufbQH/Aw=","w7/CHhTQ/mR0YxBnMjqvvGQAMfDihEkc9axa+RMlkIM=","O/utvi2pVRfpb0aQBpCQDsq1pLylt6jTL7ArLWFNtk8=","ncN33uyLFRmNdMtVEVjjrzcl6ga3uElMNdt0BcH7dtg=","UHaYZYIeAZT8jFF2lo5Lr4kKrx3oWGrn89RRfey7WB0=","WmRLcwTtqvSv3rHx4xsOdInu6vLPhhUZQD32vagwCvI=","jfwyQLZxOOfMXAi+pxV3tMCs6Y15KN9sGNAyqlhpxHw=","FOPJRHW4uBzr6QrLBmmEm5oq7t/J/V8RBCDuSHvng3g=","0IplncO92XiFcd8dzmJeBgPNCelqjx4zfiuQyF9ssGc=","dJARQHPO7y2yrPmzPy2EgneiwYQo7DLZfjc3k9EFzYA=","qaQFUPzwkBPSRUWJ9m0+uKOMSx37MC/8OPz8CdPU6aI=","+hX9yB/dfQMuL99OdhFqJAdz13a3/w9fepeKRLgEh7Y=","8bUIZrkxQJaMgf1aiIRp3YqHj/Zlhrsno/gazN2oRPU=","34w6I48izR06WzxVjWRbITtFUP69v3U2+ELzm7+p3BM=","3rLAxWCJPORB7teJWfieaeqUsHbsQoMaTp4NEaPAnIo=","jITgMTPbbwvlbhfqNe5dvSQQ5dHGsDIWjunhD46cCE8=","yTp0HnnEydnaq9sfFIwaBVwI6j1TovInQ3wQQu0dtqc=","mktW/V32uJUZTSi0Ia9oV1qmFZXmWOM/16l7hlDawfY=","5zSYuW+dB1HpiP05mViJazFNmUT2fvWfekAklVJXbRg=","4d+6ydKTEGiYAiEr+48EvlHHEDvA2FtgISY39idDBwc=","5Xseq8rfW5H6i0t2zsOVpkOUQhmXCn4kA+PXaBbuVFc=","dkD9c81YT3R5sYw+Nv8MxMGA1wnkWMzJ1WcRWDAjFVY=","0aLxpe6y90fsYxniuL6xYG0MoPVa/wJfaNuLq3XOs1U=","t91cFwa+gTwgOsc21DuO+6RKsH7Agza/peMNrKcPPs0=","W/dVjAVXMHnLUUIxKpwZZHKSXC0GaMmBbmDx0QBAqlI=","GZt7icGtLqJAjOega/uyOtTiDT0C4MH/xEt3cEYZoD0=","vTO/u5cZKNS0tenhxKQR9MQ3LgPDe06XfVhsAMNFPyw=","CcOg0uOQAf6r+QTVCJWa4qqLRjHNni94lu0YmSbdaqI=","tKPQd5/z36JxTaVdX3j3dAn1gx8ZCK8sjePcf4kYE1U=","Qj56GSuS6EHr1b1OAVelPCDKXzkwL2v/+Set6LjwHlI=","ALEzOOZhDpXO23EXjFoaVwfJPXXM1BAtsMpdyQEQ2so=","AMWXVT4zAK6oaWPdI1Y8AJC7y6qwOR2hE1yveB3YOII=","+E0nfgN962WJ/VC7rPAaAjIPNDYjgK6u69Aj46/54Zg=","Ml+8qHg+P4BnOOiHhpJ2pTi1Pur5S/RpBwjtMoG2NsI=","NxRbD3ClBIIPXqpTYru5X0x2stOpTGd1DsPycufI2yM=","dehM7qM48khtQzD0/2dGGTco9D0+buJHu6DIsE/YapY=","f0kGdijiR09KeVAPmgop0d3Ti4eZHO6oTrzzCsRf2/s=","PGDcq1SNumYxDopub4GA4L8SuwKDyWgRIYyh4VCKR6c=","kkBvc7xh8yGSpaXFCE3nwpnSszyLeXl1ZecFXbE88AE=","uIhFBtyS+sXm+Au0P1Ewc2+XOGlSOozzTdUUfFxgYSs=","VWF3okAC1EwG1aOGKBIDRr5q6zDl5VT9cxlIkVxIL68=","C5nh6+l7Wm/mOQC/e7YwD43REb1fJ+YyMmAXTY9nBpM=","jvWNAZ4IQzwzZr1eYCZePormVa2e2Bb+YCjiLoUdHZQ=","pcZ95Mt/JRAn7NRgAzEXlWFogUIlXSbKJ9CsB/Mfv5A=","XOkFJR/EbQ1b52XNpdwfJVN9Y5P1xdkbORvLKn3DSEc=","o+df9pj94zQHgJceQX2eI0XSu0SSPiMmRTra+wsrDr4=","uU6pKso0ivoZdDdRpn8CigP945D2V/5INDpAPbpdZSo=","BnoHy6K4KNmezGnQnbuCXA9OCm79wLMk7oYszdDPSLw=","yQ2hmjDvGxDaJj4/At/ueydHDJR5IPUnZq5RkRXcovc=","hDYOCcU1OvsZTLINN5Aoj44dAPlwwjZxr3KAo1Ky69g=","14KdGul5Cg/wvxO9cqFZlWlb3rXUcQXsK7RkGGOFYTg=","19dBqn8cqIA5LUbgQv44XnMnEDDsQ0MYzr1Rz305n84=","5R7Tqn8ssrRKCQsGH65KmYGn0Cvb4lvsskGNrlX5lxY=","nSfYl+i492awj2/qWCwRpjky+nKJfSzVI+5IWWNvrpY=","t43zRRougEeqWFLLFM/Z5i6MHfp+MC6YEWbQg7Gtn+o=","jwvJ32dpH0w1K5zXpmW+PbNDBqQffGk/6Ka245wByt8=","wLIdhJE7tbWkH7lghMdYsydNppWWsCRzCTLG9nfSBFY=","B4Kylvb4nYLfXk5lsV/FdZe5SmZGblknL5dkbZ/W7Tw=","Ugb1IRCdXoJmrceb74ztY5NzGoqsI8f/0Y2eu6ufu58="],"block_size":4096,"path":"style.css"},{"block_hashes":["AbpHGcgLb+kRsJGnwFEktk7uzpZOCcBY74+YBdrKVGs="],"block_size":4096,"path":"test.js"},{"block_hashes":["LfmOq8P71HpQ21JpSQFWDze7zqRzdlXph9Lipv33HPs="],"block_size":4096,"path":"userscript.html"},{"block_hashes":["1abHWpuxiBvaNr4JN/kA1DiOyqMZeIeZ1hMeOj7CaLM=","eOOfp2Uc3AcsLY6DqVDCGpq89348CFSVj95zIGlkDxc=","3bttYqHNPJ3uCdGl49Xs0Y2s8BDtXvUnCnhHsmJ9I2c=","YNYcM6vR9TsArE7K5fIWf/+40EdViUK6VrjbIlxwzFI=","L++k2Iu1fD8PU0pzK01U8fMEMsFeILU21bgCVmcfefw=","NEu58A+EtkQjdcZJ6PtA86Xx1oviBAURJ7TmzHQ5c6s=","4XfVHfruU7bp0TftuNwF/wQAqDXw4j/HrguTQie87QI=","d3UZKyrFB60T9jDtb238E4RHQhpi6K4l8MFzveLlGvY=","MGrGY7PPi/+SO/lz2FE9TlyJpVlVr7Ih7IcuY4IfqzM=","Jlv9D1xkal3NyLS0+qcMkFOUpPIk+E6j3QjQ321A29w=","y4mtk+P7k66/qza2E89bj02AptdL8PwXmxI9hJbU/w4=","oladZTRjGcvBiJpku2IOyHO3jr8i85Ca+ofhZeM2Tfk=","diMYuRLRYTgUtlGuJY3BwSIYumw0fVaqJS2GHCDmZkE=","l4bARnoriQvYzECwdDGD20M2+HCCh//U7KJD0J2ds8M=","6ZhKzb5ZZLyI8rhQXW8ARP1ANV8MLB2RN2ilAOm8QS8=","+yulKpirj44rXFMJTLoyUqAH83zomHcPIRum1dKHwqA=","S0tYqcP80eUQ8kpUMVq+gHsVhJG2YN1yqOx6Xf62j+k=","1KU3uNL/sJ/XKxZEfqYltPnugKRv6m/I5sp1B4NqaWM=","TZgDrqlTG9uHD5bS2UWBdW+lWWuQClekLsm7I3oWoLw=","eN3Cvbm57TjTM3SKXyoZ9in2wv3NFjxjChJoORKM/7Q=","S+d6L1T4nBFNoynX2SwkAq7uvqnHRis4w/nIo0kMi/c=","hNjy0J6XtHh3J8Bw3Ju7F6VR+2t6LnQ9WQzkB8VfpW8=","wwAzLS3k314gZ8dKbEieTKWhGTW6UwoENDQPn3vbuL0=","wmcVf/sgSrj8AbEI9HRNAk9JDwC3pf1EXn8XU6hiWwo=","8G22XhvrEbmyMX1iY9AxUYRomPwT9/rlhXAh7awCD8w=","Mj41Oy7uIHFhs6UWoUXXAXReqjGeyTBYCQgmdCsR9kw=","qWYtbeCtJ0s14X23kb9mVZckcxXburWHNcCstm7SiJY=","oNx9Vda71xrTjMzG8vcw9rY5hDL5lxXupanEtNxLxPs=","4o2cDDOiYkqQ1XtGSt/C7/jJC/vaTick0FPjUll4wI4=","6W0XqwAbjLVVKqmMkVIN/UVV0UITStGqv8RqLzyoRWM=","K8nYTEWwxWckZAiK6VPL1PSRGA0DRoYJOUsSWsaVCl0=","k4yJ8xIeWOyvAxC0vHPFxx7DI4FDSoPileDb81sWd4c=","JkwoUSR3o4izqoYja2JT6cEw85+hYb9r3VDRKdNCNaA=","Qh8GhinE6QpLJmUXILAuorboucsueoRPt/S07WJHdQU=","78KBnjtOvPcC+8Fsbnc87m9V8YYf3U+O4yp/nPF73w8=","NSfezx5HEM4mddcgd2Q6NRgxF+cGV1KM4H1FDBZTyHk=","PvVcxA+EtbljtW3gsbyIFPt73ymGSvm/AuxX3UmTe6M=","nrRw+mG50s7DHAltSbs+AUBafvCCzAgoxne2KIF1zIE=","wOF1QkGv4Rjerh4RdZRj1TPIg/vqUJBsAk2IrilZP9Y=","DF0Ph6bzX3ROxHZh0jAOn4JZk+13CyWJPpRON2lWwYI=","DdOWQ92f/med+xchdlvUT4G0WME5LrqceEYJMf7NqzY=","4mCpwA6avy9PSip4o4zKBtQgTOlLFB1xveDLheB/qlg=","CiQ92StTCKrBtaW1EjBkszGZb85hluzEiQVdi6EN2co=","AymiMwrOxOSQGjMGuZY0WERbY8fCDBO7JYhwWc7/aq8=","3hglxI6pU0znuvOmjfTWb3NZjELSJzEYoOoT7x9dEus=","GssPIFzils6XSJCqBz++LnkgHUdGOYLmNf5uQgJcWtQ=","KdvOjHeSrPPczcUquPVtS3nkIri0pjVsbIJxILMx1iY=","0mYa1phs1/95YXIzDCcnGOM2Apobc2zRQIb1ZuR0KrI=","PsG3TfayPHIgigiGKs0/lL5MA01TglC/2q45l314guI=","v8RdrkMvFDDy2qBGY5Q1psMb0JztPhHVblYkyRCQONs=","ZSiq+OnC8OurCiGE9uS1vtKOX6q7V6I8WJ7w8BusodU=","n9NWkilkgZtcbJG9N5PaS3YVfnXDHIpmdXtJEeziOco=","HFhIUhAl5pKJL46UoM2PYzt+Md2jJihgNJ7pvnrF9qk=","fJD2N3GsUvVNDoSlqTOy2k7MbXUXenuyERDEkNlIhEc=","BhQIMYI1wg3CU8IBVppP9JOQusPhDvzATZDu0LkRRfc=","UAQ8tKq9yZE/mcFEJ6mLui/CEpW9MXVYcYezk9RdjqM=","WBL/UNpgEJc9Qumt3R3FPY10qXTadDgkb9XLJYSJbL4=","qi041OxYey4BVkRxa0NQsMgjME10D6zwUp5WoGe7hJc=","euzB4nP0ygOjn/YMzCCk4Weyd2FfCQlGeyIWi10FpNE=","z94G5IkvyNlx68grQa6Q2z82ubM1buvp7H346TpUY9Q=","QMOTCpYRZi3OrwbwfpNIJCXfyJkXTOtlZ2EM44lCBNk=","5q1jl0acp1MbZsWc7BIu4qqGeqs8NBroWAA+BTA5TBg=","6c3EU+2z21pQ7fZXKFS7KcnFrQblknk3PBbKGCoMjf8=","JBV5YNDDdxJsNO3BMY3bEUUFNVQaKqnkuqOBjk8EwqY=","7hlSnx3U1mP+akcXGoBcoXnMlIHCXa4AXqBHe7AKYzs=","fNbLevTThBt8PPEGoAP7haJBAixakUnH4Ze0GGipN3k=","XxiXzXsJvJhUZ59A+N6Ck7jTPt1LPD1pFMLSBmf8dU0=","LvWkCrXbkgzIhhY3YVOT25/BEdWYdd0UsfPkCNQSESg=","bZkJwyxZ9qpBDckBguKoQQc5XKpD9n9GiVDG96mUGaA=","VxHqCyg+l112m5IGamxUv/es9XcBVHJGmbu3E8IL4SQ=","olt7TuhbtNXa53kRPmJsQ3j3I+QflrJ7rx1Xem27QCw=","70+DqWbWm6ST3siTkyGfCwnd7Lb6aLvpHeSvyim567I=","HheyfG4p/Dcd6DuoZiomoM8AEM9ZNoeUH+piKPO9XZY=","hrfwDXvwlJLUVo7ZMYJy+5IX0FJulmzYlRzxc/Pv7+s=","Zk5mrBMd7/+8kirAHv38ZivSRmwjw/ZWcNaucevJBUQ=","e2Lc8Dsxp9U7FjVvkSfh9eGRXjERHPzRD+qNQ3Mx/iI=","pNPQk3ZiXpR+bqgWljANuDUjd45JMO8hij07cGSvS70=","wp/GeJMPiLjaVfKh0xmHq9F8kfGeQgyHHqf2dbqq6VI=","NUQXaFh0prIKwczxU+SG0qfUlYwAIGT+bMm8UUKtdO4=","yZd/czVJ/qlKX+6RaOSfV6/5NqNnS8TllupKum941Jk=","ktsWEYPRgXBaF17o0o3H/6GDGGfOn6eIIc6PAS+QGlY=","VDxzkpjtyqh81wFZ2rvUBl82Y/9V1IjK+3AN6Qf/Zt4=","BZk7jgGz6Z2etaQGhorY0LvVU5HZfEyGj0DEJgadZ98=","tfMlkNjgBDn//wlBAhpwVT5uxmpchuE22JxqHlhLNAc=","5j4djps90WcMj68ycoMzVlXDUJCVVi+D/DnF4/Jq6RA=","oBfRM8l4UyFulbIUf3sQlScHrhxhnkFaF2xidLtBrMU=","qVhxNrZpVKwWIo3w2iZY8JJK0KDwwl63MwEcilulbFo=","DV//sb6F7ey6bOpNwOPXTZeelp14EJttHMJN7en4Eyk=","Dr7Uwnirk3jh6gO72vZmfVUIBkeTcre854ukdPbdumQ=","w0Lv/QXt3V1R1lrFO042wkztV05apydFVHlfUjyVAuo=","GdyQfEECH39Sp6IBIHd0yljeFIK7cpAjTx5AOWgfk8M=","plsFl6HydO+JOV75/ZS56DeFdq1IhDsLG8PVi5czpJc=","K/XWAybD5SV240FT4nyeiittrKq7NDAW7/DBrPaWwnE=","8U1OQE/c2yairUTNs6UxPllRxgd1dhCKCR726eBfkz8=","PltKqqKJ7msWZW71+yASKFwok0JUTw9IJUHcOfcveEw=","QcqrgtNvba5xs9W3UelnAQIjGjEqnn+KxdPZiCbJvns=","13erDuDCTY5s9s1iLfJinPiJoOyAkAHitiIEqG3dncA=","nOynnykZfSfjOZJ4roE6904ntH3gEd5NGUwBT6ai+qs=","kdRlL6bNT4eKtw/J6VRaG2AWDVE2XWq1b61do/CSVJI=","90xgKDaYC9vLRQ7T09bLVqmW8CEgTwa0QlqwHHj432k=","GfRrOTOvB9MePrUdjYifEkLXg8mEb8OvS/xWFwgwPQg=","mTBnW41MwbALnUuc5tSqjWv9IJoBLfrDiYCjWiOd1og=","nBgc5FA+bBCq9X9HXZvJpOyV2F4JMmgbt01zDNGooJ0=","LdxxEKYaCvMiif71hhw4ZCDXXtk9la2dOgqFo9Iuqsw=","G16JDOaTVClcmq+WooZiVX0RAHzMfPplBh2WKOzpvLM=","NR3M6Mk7QiLbSAXzbglEUpzD2wgTgCCkXdtpG2E+Hd0=","zsWx9k9ERGmBqM7gkEM7QFSVDxUDdpYAGgiOtcn2kHg=","7p0Z7W0sRticLfeQcsXy+TaGAq4A1vz6qE6I5xCwvtg=","C0cHLfq47U883f93WJSO+WJCPPuKjLgq47qo2xFSsPA=","klUhXHk1fauVSApnt/Q7CnTfinuMXrXzklyawjET+64=","l1D+FkWEk/ht03gj9BpPxO3Kc13zTqUp4SIwEbAFpkI=","16rQMuh2+iWKmeLIB8lNuZl0VGSyV3aP24fbY/mLWCc=","v1yqEExB7WsmX//ANiq1aCMHq4W06/88t8HiIKgzJxQ=","Ez3J/bIrFKS/aHzHgVwc4MVMDkITnrz3uyLLReuJ1ZY=","8PCe6qpLsKDORyk9aOYuD6UreJiQDr6igD8ooSrFEKc=","EnQnZM2M2ArcaDA0VJnSCVXtsNfjdkE/IJwpGNpl7Qw=","vjRLqgorrJp2h+4IgA+6kyZ0Gvdl7nmgKjt1dkK7AYE=","AmEagu+j3gxrP47WwyqiMqdiGDCfhgf0Nd662rXdMPc=","V26ymsShCdfRx42KzbCFskGLqveD48so264Q+xidIps=","RVlhzJzcyucd01vo4CPT+MDQwXYix/rJcvoqnBprHc0=","CTqWpshB2DEbxtzwfOWb9ZAvq1Z/bQ8DXcZo8gqUoGM=","7Cx/T7YaiSicRqFAbRhcctmmnxy6mph033D/8njQihY=","zsrEaP4NkJ8XAGRYb/fdgU4xx5awuc0HS6QP82umkqc=","qqqU7KB5Anvpew0W5OWTcv0eQjP9x8oeoBKGC7Euu2k=","RlVAIb1hKcgywAU9HYbYAJtQxUPRtjUtsA6vZtV++6s=","FgTqCinvJPObvSHUCrRwAN9/d2NTHPlTHj7oaZ+GrLU=","CcLueuBjRKecMj6lILTq10kBuDeA6wF3WUUHZRTBX+A=","deP/D3ehOTCjYZktADFvOFrs9vPvy2hjCDABJhTBexg=","WD1fL8YS7eZ8nz4G91E77V5J+RhRkIFZzJT6qO7mIK4=","iKndc5X86wi9IGaZTpi1TdPzxjXdwX/PjP/o8OhaDuU=","6qaHGytPqZQ+wefjY1Bqcd7z90n6LL7/F7xAr15gKyA=","2yLIQA3O6LKDAd7YddKuEss1MW36fRv1tFMPkBtvnDI=","WrAEQ40Law43v8x4h7DiSzrdNjirzPm9kCPCTFVB1ps=","852XT/nlgrxKKOcVsYz85ugI85iWC77eSMENzOYjip0=","Siwao/rkIZT7Ued323g3vWujugwcpuQHkXGgA4kOJ4I=","yEPxPLH1EOMabL6UIEU16vlAlF85g8f2R/ceESPoT2k=","x84XxYnV+VljtAIN+XOGbtIcsWRVISPbypdhXmTZ0mo=","a1Zbv6uAfyO5+1LMHfgqBIA1oe7cmmzOALK49D5ialQ=","qDojgUz54VrgoUkp7lvgoWXGV880LrZ4YzgdO0yordw=","w44opoeCpIsM0AyDTR2C32HqvcZLbqk4w/zjSMuBENk=","kOr1qLEh+LnI493BSV42qdnbtjkYEZaFtziqNToJ5uo=","iBeBJqRN+gRb73bz/Cq2KqZhxib0SVt4doOPGnOdqEc=","/m4i7YHcu87eP3KqCQn+vOMvZofds0jPCFo6S6GbzTw=","O7b6grBCvXSOKbwc7lYPoKGz+ap59qn9kKPYoPmdPqg=","nn+mUsfMWQcfQe3mW2yGt1ospa0os3m5t95RX6rQyC8=","yGhJukQFrYpsW4+q5lFFWIxcyey5Nd2OP17FE2JzrOQ=","WNh0M5nCCLQBAXF8fomoFfKOQgFvpWWea3+xZryeJ/U=","CwOgkr4E4JV5ta2twFyuc3623Zz1C4z8jimUO6S1Tdk=","F8BJUF3qlpLG0t3Z5wqu5JSN2akcSGyFRy4l73K5TyI=","2sqFljIkv0mUcMZTqz1gP82oHj+qC+hiTvck+fDJuwA=","doeIcbj/L4HwATsxaRc94Lb36W9C3YUgLnBG90XxwNY=","Anab5kzwa+LDHAUBKScEHfDhz6U4urQ7X16hYLBxecY=","7VNMxC6YL6D/TFPOFBOXExtIC2SVPvr6AV716qXomVo=","XYzdfIs5j2AXeQ3T6D12zognZJZI7GtxHotV5cy5Gr8=","EgXQi6KUovjx50GtPAlU0w7HVcFWQ9SAvi+nAXPX0wU=","gdUEwEqJEeNFywT0Vdy3pAUrWupX09yjzpGW3lHSuhs=","LCyes7QRpOOJ+rueTAV+athQOtmiTG+ZL/96CmeP3Hk=","PnWBB2vuUqNyJwuHaoWb8F8E0T7D8cgUNYVIRUFkudg=","OhmN4tUGb+ETX9Fyr//gUKwEGFrL0BTq5Ea7sWlR0FA=","cpg+BTtkxOqAIhtibk44IIgTfHZktHgE9VjYgPwkFQg=","6zorYzvYrSeHh2laNhgEtiBi87GjwKag6qv8umCy7iM=","2lsPFo7tLX3SUPwuWVFyrUDjMbP5KcMYTQQUQ13gD1o=","uBdbP3p+hitg8PZBEBnTTiL8e2Ht1onNYjFJarKQPms=","KxlfWcRIZkq565AkonXtiPZf9tAwlTiP2sbDZ1elawc=","dKenqIPy3MvwKTMSeFz7oen7qNFaQTwbs70qumRIQKc=","nXk/ksKf9gBLUKzfGp9szwSzgKB9125Ff0/bBBoIrTg=","9HREa7wEOsLJrrVTPvr7f6CFVjxzoPf2H0xiJF1kdss=","AxJbCXb197QgRp2YIi3zvxEfOcoQS/gnr/mgSRNsnVQ=","daaYda4FmghML+AJlju/ji761TVxkdumifzQfajoeLY=","orfdy8QAs80Lu+iGyQ7psBILKp6mwIyyB+XgjyCCQ+k=","KUzF2AT3wZSJFmuORhNawdWz+geiHK5PHOL+7djV2ao=","ajKpn90Nx5eMjSyvRkvlJ+4TSI0EhSK/9+mZGCVdAOg=","u8uHsdLLzWz7OREyP/a/hH/+wItIpuwdZKMaGrkG+GM=","FvG21ikkqQUKUi/HTV87Axl6klWF/flGLddqTRq32XM=","/+DoG2Wu16W8zUE7PiVlfTVMFQ7F+0iY621ja7Kgtjo=","8B/ZouOQVPWQrzwCDfAggP3UB96welDIJ3X/iTnq980=","Vnxr+JmoVbe+DCMOmy+4IinUREA95r5kum1KK+SguG0=","Ual33tm9Xhxe1mxV4EJaZ1fdf9ysqcUP4NrnNJrOv7Q=","PkjqBlK9+Jzig+sf2tik+kAD/nl1oIr31X0MoqUMLdA=","B8+9tbxI3YufeGpsDvh8QwnmIBvihFy2Cokk/j0DqTI=","qpAShSIiF0gBv5uat0J1Uqr+cvlQ8orIcHP/c7oSgB0=","KXgKzxQmg6JumgZrwSTVaQ58LtdcFssThaADJvTdO0Y=","0MvSkOtFUahC0dwLs863eIZc7wKQl2g+u4DxbRoNTIc=","9RDBL0SrjDSApzyjfYs4Iqzv+kL8ShduCXA7SLCJY8k=","awCPfDU/E+r+geLxzV3sB5z+rbbCIFH0+wv4go9b5vw=","bh10UE7bt8JCjxI3D00p3X7Me1Rur+HEyHWvuvveca0=","EUINv59Hv8oQKto8gsDtmNARQVPIyw2G7bZUwleOVZo=","J8Ej7/3vNKq2nDAosqygr7RMonmRduhD3PaU1jN/vI0=","WILS6T9hax9AErbJ9XGrqUoLy5+zKc65ljKVUkbMRXE=","4l8FXzMa+JdncIdTgnq7ybEDHmfb48auEh5CeCu7GdA=","hagsw92FgRo6yW/9D1HKY9Ao2rzJIPdqg76rsIyApLw=","P7q5g4TdXIk1DuZWCfS3yB4wacvDpTfWyNBLQr0r1g4=","6RL0hV69mGHi5D5t+p+kxTWII/i5uXdFHHseNVQOp9E=","KTHu3ivVBkggFFbPMDXBXk8b4zdYLfxTxbOvKxYtxoI=","FCeUWoI5zHGyAee+yFAkkQdxpK7Uen+3S4CWH/Nh5Q4=","l1lMPlWyNhcNzxf3Xh/0VD668B74plTEdWBSwhw7JSM=","U8GyHCc3ma7o8K/erii8RsacxIxT7aeW9qlvsp1as+k=","leUQicwHCgubiChrlhaykiIFe3D0U/ya1A4I5GpcT1I=","okwdKJqOiIMMvBngltwI880JKZ6KB85VOUB123464M0=","qLVOmirKPc7kQ37N1zsQDlwWDeuZqSTcIXXfPJAvZQo=","qxgMAymEkTcQs+CI3eTzeSvYJDPRqJowBLCOnn6jNfY=","jpKD/hOIC0EJVvYqHwYfAVTTPuS5n6mOg14G85CAbNo=","wjzd0dTCRPS1r+BWKNh1JsC5/yIEN8luhFmK+M63EhU=","UE/dx+lZcmkfRk4wWEIvvMnWcu/6UkYK+QXSH6DvRUA=","+tfccpLl6DHytlmajBF1m2owOpv1CMu+jVmqALKuujQ=","0GzoIRvpDITEyWnVphQGc0Wp0PUBCiloTp50cXwgaw0=","/RtrqSsSTUleQxwGZ427tcU/yz56oDXPTq8PIm/sWZc=","2ltN3OcGrdOQZCxhzcBZEE7S5TwQ1H4AodtzpkhSXuo=","y6eK9l7H/YfuoeK7D3+5P9DPyIW33ohnIscHDfsLuu4=","zlroSWRFqa1eR7UNqrjCbl6ROiTnJ5d58GdGuhlYYL8=","V9VXVS3F97H5LQGif4ldXjlEwj2quyBiYoQ/LKKavzI=","MPbYcUP5kiB6fGd+X2EZQZFl/QMm1gi4V4bKyKC56is=","8rgLOi26a+Os2TQzOzHe4uAyrCEKMF7Ji17TKgmtYL4=","S6hG9GpHn9FZyAEJfKoPwXMzJNqHpwS17T9Pk5lrsj8=","btbXVyY2aXyg5zgTGvdGonn6pZaprewWuCGidY7oTgI=","AxhGL20hZTYRLAmOtm6RrHo10LA0RP9hGLwd9LJpNy8=","PnoasVICVek2gzPf4UjSbnF+nyzllYyd4oexeF3kP+k=","lIO+kG4Ou0g0yel+DxXeIcWg1LJMbcI3gTXoMr/L4qk=","IDSuna/u6ZKs8nEF/x/uWE0Em6mKeM79PBYA14z3/9o=","gLDWoGgMyGIZF4o7uWYktuzd7tWZSoiXPpMxjUTrFIo=","NxQz9LeXABbfOUkos2AxVgtrN76KOwRNiijqTk9V73Q=","fBq0vQAVyYZzugRHYjoMqleoj+SI4hRKI0+tUYyCQw4=","8TWdOJMP73hcl5r0n4tg8jcgsDq+Yd1PfDsuV0Wd6GQ=","60oa+ICZCAupW/AVOL31QaYoAUgeTu3VOh1D85v+gnQ=","46SlF/i7VIJqBc8+pJl27f48mFSy2HCFjJwjPlYqFLs=","PRAXGX5OoHap/1aKtHkFIJcv2Sv8vwDmOPbVvKWw56w=","nMzsm6jhNklpv7z1Nrqs6MXWR9phdurdSIS570xz1HM=","E9xrrqYqLHlvSRXKQPt21tFhFmDCxk7S5WKtrTo+780=","zBtjda9uil3mx9S+xRFb0Dh3yjcXxCsVjGVeF05+HTg=","8qvWslaxaMdz85EwH/SP1jnu0tJvWDDVqQzY6xhqmHg=","Q1KqTdJA1X2G9aB+5bbe15oX8Rit/ZYfio3hr3E7iDs=","ep6r5hG+P4Ysrp8+18Br3decEhOFnszc5ipCg7Uv1Ao=","B41F/aL8iBv1v83AW/KwLdE/zKqsPe6ufHPOkHb1Nl8=","JQRvMJh5oNHAiTBCEzbNb1XMT4mf5rJb3ozQ/aVDfCo=","iUvMso4erXDgiCA0XAayCIGhcwq1i/PVzcwPC+iFSCU=","maCftBM71QkR4+L8VWwL0Ivi9LXGGvSIBWuTKMD+hog=","SuAo2q5x9NL+wYrwjNRjd/Xaf0/kgidE2spACkGpNrk=","9MjGpimo9sBSCCPhTlpVWgKSACqYyKL7sdMwvkm15XQ=","X37poKZBkcSc6K4AVFxRQVl/FfJ5cDEtnZWp7LHUZV0=","yvsq+BSCSgv68CRK1cwyXytQstPE+SXYURLLGEUwZNo=","xOhKnacROtphwkgfDjvKe8ZvYuwO4nJttDadvlGbiaA=","yJj58TjnHBSPo+BytsMIr9I7ElDldfMJA2wqEqB1teI=","xksb6lOr8T8JebsRfoXBGgEN5FeEhAoSbXSumkUT0p4=","zLlvS8kMz+dTkkXqvKKDdNhCWhE3mdWVoeYKNUJ0Ubw=","6pzcxH4zsxEXdQOZSTlehd3Cew5C6DehjhlG+cPpcCA=","NbkJZpVv8lpwwP1LTVIcZUOLMFkUWb8PqcwnBJdlMUo=","deNk+imhSF68Ni4+nnCyWRlvs7dUc6ZwuBlr36wOKPg=","rkEZO3fFOls+lOOMR8tfUMsW80p345Cn58wGn5/GpzE=","7vNlLBR+a1a5UAkKPvdwNr4MQKPObnFem7x0vSTw10Y=","yy134iidgk4SECz51WDLrHu5grvstwzxUlxq0UBJiLY=","nBeA+4e+0DMXl4ALq6Q0Ba34EIhS3Wg5mIoUtepqSTc=","kdxvtjD/pNjm69Odp22IijTiKskV6ptQGP5kyh0nRQg=","9EujQ5fgxvUWFv19DjI+Bj+ETWg4AmsYTGYIs2r3XJc=","V+w968u1fAmXhgqHMzBiQhVRca6dIuqlu9bCROzYRsM=","P2Z1tL8BCUFTZJT39cjEfxKgD/PJ1qFRO0zFB+Qa8kw=","DEkiCVDx5/7U5cnMA6VkNYyyKcbTXuVsKEJP3u8IgEQ=","Zg9Hpt4HlbJ4bfacW+UmVQXKK8bTJkgrpbg4dJtkpLo=","kfkTPle3VI4sWgsVphWf1GK2YGH6ZFmdvaIZib55Cbc=","9lxcAIcMqdiFQ3lDXD4cumYL3dv3TUo3fYkXsUEnKxw=","dzWhe9k9HEEbT0OaSblBh15qsU6bmxNTrN2eRe3ETLE=","DL0i8oW6fqEEHKMDYQ9xm0LuQIv5BiHmbFFEsY1wt40=","eLYJYj6ng9yujg+96omMtsURUKhWakAVUIhu91nySH8=","hpTWCDqSLWa7m+3D0J71Q9HmyzdZew7h+UgNoVK8Wwo=","ItoOESzRD6tWyrxi7yKRJbWM0MLejt18V71Ux+i/vlg=","KSlnV+jbj7ZH+aYIsmoe87yKIpJ1YgCz5rvde/unEc8=","buEBD1eHXAFLCBhMU+6slMiWA9YxvgK8TpRBGU11VTI=","hFxPNp5fpQQRvwJP+PhseadcR+gmWwjjEdZCRLjBHT0=","bPWVyaxT1/a3nV0MFMS/giarfO043Ek+Rfg0vl1cQPw=","sGxhmZQmjehWaVbip4oVrj/KCOioVNxRaEUkej4mQ3Q=","O9sMhRvA0FOUdJVsaZ9JNfAJg2Z0LuAD3Eqxsd+w3xg=","XjYtEzILY4w/JxpVi7CnaNTplIlotiFpzoqJ2+B+Ljc=","z3CsE/DoNwHZutYhSvfNmQRzGoR5El70BIbwM++1QBA=","AzXENW78ySKitZO7B5H9dtfr1d1h4H9Qmig41+cyhGM=","2WKcJoqpW2OqVG/1jf/Nzo9eUUsdtYqEiKhSxCl69YY=","I90lM71bocEZBklaJbYiw6rS/tMwOBQaar3haaZFYxY=","tG+PStertUstt2SLlpz8obi07q/gHhd3iDu+4Ujhbv4=","avR2/aLD9JbSkxRW/q9lMIqlnKdiZAuAidIIG4xUIcI=","T8fibHo0CIwljNyG970C4cvZ/IOdMq++4wp6riueLaQ=","9OHB8r/WIcsn0/hm+1tEkJccGcKuExZ+X1L73P18ijY=","Z0WOUuKZwkZYnw7/+gFSxvYrnKEHeYoBe35UfLFFHxU=","imoOco+EolhDbRwtB/FA4MuaZv7fvT0HVSXpK/cnH5Y=","+LbqGvObPd+HvADGBzwygY0IAJMFZas+SJW4d6zKxLQ=","FFIjfwUzgQCTgLoV+ZQWuwTzRwBpYASuHhf1CvoWDkU=","vWeGoyvUa0SKY/bME9tLJfI8mwAM7O6iV9wZfXh3cZU=","KW470ps1HKDHE8okz2VWM3ao15YdjbIt5OHY6M3cM1I=","H1i9gliKOh6WxCEzq5Qxon4XckCQr637RGnlGMcYRNo=","JbI0pCTNEdvpwFncQCjwiJigGF/6DAKhUxOyOnHLqXg=","+X42SwuipFIX2JhIcX92Z/w2eifDZggWvD6hcTTBYGI=","HTvo3D4d5DiQq7pHXgIrWBoBdxIL9y1YReKGpkrmHLs=","ItM3IXkM5EZtz+cHrllPbLMUD18tnKO5CWy1CuTtFZ8=","nn01M5Lh8EUuEeh2tQYKo3zRF5+OzqULtqk7YgpiwqM=","dVszXjtcVqWc2ZbGpbCHC3U0WarknApS8Wum4jkJ1SA=","ATydQqk9ArdraubIb2P/jUQLli14ooXuMqoyqHXphPI=","4AIpglfuY7TyA2Lg9xqV80B45mLDrxZ6gXfbDovEDfQ=","DKD0bS1SulDsNquNcBCKcVa45z9UCMLD8W2bQbg6lfk=","1Go2vkfa3WiYCBiHUIdV6bgjsEnXRWDc+zc5xZTPCwk=","cy5+aZF4PIPXgy1RM9rbjPZOpTB7XOY0eWDRK/Lbg18=","Du0r9PS/tEBnilYP/tX2t5iKmkizIiYJ13qwcw3Dw+g=","F7VTDoWDmW8eU49NsmO+330KFFSySf8SfFxNsmMHThI=","Y/RDhHY8GukhbDaqO4Ks/qvNqFmQ+LCOfTCK+N2UZ1M=","4iAr4mnBkS5qIJvoT4+q/QAHcLNcKmj4EbaMdko15Es=","5CFp0jnbDfUiO6CaV44lUF8RB/k6yApiXDVrAccUIRI=","3G3Icj987Ld9VhP+h5C8BVxXzG7zfq3iHiakgM6UDPI=","mluOKVfhGBwp2xRYVKx7GfOeqI7P6f3c2w+ZKO0dQO8=","oSn4Rx7bD4PAJmhjwQgmxNbWrDzj05h7K5rbs9OnWdY=","hOVzJzB0cscOXYHPncqC6i860g/RxHzf5tCRXj5IgJc=","1Zez75VvQHkyKnPpRgTMyx89FvL4hTBwyTp/jKCqC0o=","kSANcJHj0VOkc+CUgiupBR9WCH+jRVQ4xGdV5c3OZNY=","+KaC4MdRduy4yDppt5mBlYSputpn+u0Ec9dVVFBF2bM=","0oom2GmDTlxwhSGUQaVHgzDE9tOcPyZVkGFH9o+PEFE=","kjVwC99HP+a8sXyYFStay6PgwGxrGuvxMF8lWl0AuIM=","+jopdwun4I9fvV2DjPnRBnDzT1cegb6T2FCrPXzhNmU=","54YGKqfKLvScZbZmKLXPlVkGGIKz5jozSyrgsvq4apA=","/mgJxu57GHhDidkzXsCrFqjNP0IBAscduQuYBgUrRwE=","t7HEl5ahZeLTNnkTqM41LXuoI+21F53QkGmeph5KeXo=","1n7lK96VDItrTysG13onqQx/odB4qk4lyFieDk3xJlA=","wsLz8Ja5gkLTF1Q6hzBrD4Scs/eximpotnJW4nTYvhk=","aJa9tlRxcSIeNXf1ggSft/rFZW+crxqDBe0SPO2czts=","W/zuJFqVmLe77KRTjH9eyvl8wWI+gSYT5/6RkMF780A=","UIewtndR3qQZv2avEHHDu2V/KBbYzi4dREzt08rUkcI=","jZZguMDgPjaRYn72pXZc285hy5u2ZHC0frQz7m5O6v4=","PE1yKaNDQp2B/MM1HJHhDHVVFxhYKbRTmPVOAvDwXms=","7pdrzCgu/WcSpSnQkft8yXEJmKGDW6rF2aclVsxM9EM=","sdBdzG8fTR8VHoFYYFC8qM7H6HkVhzRDralWWSJwXrY=","gtyL8muSHbDzBEsGN35145ohCi0g+T/bUAhYcU/Xmwc=","+qlTuWtwEQEY1CKBjfOgpAB98wk7sfSB3/qyuVhvsT0=","vYzlQW06ooQybUSgzEUQptrLpnxL10pFCULICAUq1R0=","p411CDA0YsafI86qSWycR19oskQnEhCqnYf8wT4i92w=","OCQmVIYe19cPfiSD7QLmn+jKyPW+oSiCtrQ74oYG6tg=","hz2SBRFfdYhw8Ft4b90mzzgOjMbhZCD1iDuN/NmTSW8=","wDOvPXJJZjImUJ3Fa4bHUSN1WW6LblVasXP03m9lTf4=","MMCgYLzjF7Hs65HWzj2pxvPesu2n45qM7K0Y4UGeYAU=","alw0MlvxUlK/bWCDaWKVdqR9iL0NEIHms9aWDP9hlUc=","4EevhUMmwLXT0OKOSwcBS1qriVvas8VtVg1No2eEa2A=","b6lGcg6JVzp1OLCPRWHRhuLRwDvWysFE16tJGAl1lLY=","Si4mBdbxB5wDYFeEDxiBte3r+o5WXwSs3C45IbjBr/k=","aZAxM6Pg1Q4wIbMkhDLvta6Jo+o/oPD7TcHcl7w6grs=","pbOnpbg3wvbYqssH75APLjofZRVaODi8SlSANC2kiQ0=","DF0ywBbGVcfNL5tb+v6dAblU4TnRRj1TkVvInI6aOxA=","RtmsnvqQ1XT/XihbPKIyk0KCDpn51H5XEG8HMkFLeqE=","wOKHvFj3u/HYRHp9hdgcR5AObw0+pIIkf8XopRQF1vI=","HCCo+ZfO7YA6ZjxIlaYf+LK4bWLS1BbaG9aOwGdgLFI=","XWF5ECD15bDAkb75OdfEBX6Lv82P8+ffir16PPS1H9c=","+zqdb1rj74ayK2Lc+rh/RR67yOkSnq5uQd116IWMQsk=","jWBclwaKeuUWFPap6w7Cg7dyK/rhcQ+JRExZLsN2eqs=","7dDwNaMsO00PAhcs0sPL62A60uW4XwwoZ3DXYT8OmoI=","4JPXH2Oorx4nSs9JIYMgitbpn4bavvRt5zvd3R2VhkE=","ZEB0dHvGcNkFlUGXmTAPfqnqHPEq7jDcYt34aX9+omI=","cuLcyhLVnKSUnkjuF2K5CrG0KDuDb29fFavVnpqXaY0=","YMag148Hn0MKRvLcmRmbqS4XxST5e7ZhJ0pU/id09wM=","vGUjKVpDPtNLd74tI8l8FCK3TDskUUcyo+IR+GvN7rQ=","HU+igklCxK/hQ9f1OkqiU2/UV3qUUU61fcE7ziwSxa0=","TaCPRfvkVLgyHCzu6zXB9Hv+5IzezjtjXlVvl+xI684=","X6lxO3YIetsQoEZXxsgFoLs/f1d2Ky8kxd55WhMZsXs=","HgRaebFeiZizloN9Ov3AV6IgT1e5UfLi+OydK0GTqhk=","BrLBnycvunzJQQ9OYvDPt95vpqLPC2Cq9I8xHrPEU+g=","PJUVTkplailOYaGMlfUAKTZ3eV8PB/1wc4waVk59HK0=","tqg4TmS9QvPoO4QbGIcqSV3QQXeRWYQuLjEYyrKpf7c=","w29jNlzmIAuInugCWe2rb0G/Uyh0T4n7P+2QG0JpAMk=","XtqA45sXHe9lZYf3dZaanfKeQLGXCvgxiX9VPJ7Fzbw=","Susg1fjeNlj0MRRmSuqKFyvxAy95wT1ZxbvOIjKk/wE=","G5C/6IElz+9LKL0Z0gpYRkGr+9Rds+rQ5TDdpdynzjM=","bNIuIUYRgT7sgzBN2qWnpVvipFseNfLanhZA7FOzAYY=","eRvRi8jrrgvop31YsOszllRDVDBL0xxkhkM1V2TuXvI=","8G8ViuOBox0iUmx0mPL27quBLnOlG+D9sSPXnChlApk="],"block_size":4096,"path":"vendor/eslint/eslint.js"},{"block_hashes":["24Py7eZ/Ns+rHqByHqLul1FYY+mmU0aIHzBeQwRRzJE="],"block_size":4096,"path":"vendor/eslint/LICENSE"},{"block_hashes":["2OzJE67HFmwKeSveACqyqI85jVeUevEponAq57C3W1c=","cpmV/g1CsDvU72A9MeuWSsBhJercKess4+mR6b6bDJY=","WC92NkuDlol9GW6eRCWqmf8s62PaxpymwuzpvkeufiQ="],"block_size":4096,"path":"vendor/jsdiff/diff.js"},{"block_hashes":["gmH+hZuy4YrSQjfRZ3s0a1tS52A/XAqxNMkV0S1UsB4="],"block_size":4096,"path":"vendor/saveas/filesaver.js"},{"block_hashes":["rN/SSo5akzBVMmsjWwhhH3WbpOIA1CpFWluN/TZ2sec="],"block_size":4096,"path":"vendor/saveas/LICENSE.md"}],"version":2}